CustomerId,FirstName,Surname,Email Address,City,Mailbox
1,Julian,Dąbrowski,julian.dąbrowski@hotmail.com,Warszawa,hotmail.com
2,Cyprian,Woźniak,cyprian.woźniak@gmail.com,Gdańsk,gmail.com
3,Piotr,Kowalski,piotr.kowalski@gmail.com,Szczecin,gmail.com
4,Olgierd,Kowalczyk,olgierd.kowalczyk@gmail.com,Rzeszów,gmail.com
5,Lucyna,Wiśniewska,lucyna.wiśniewska@gmail.com,Toruń,gmail.com
6,Arleta,Urbańska,arleta.urbańska@onet.pl,Częstochowa,onet.pl
7,Roksana,Kalinowska,roksana.kalinowska@onet.pl,Katowice,onet.pl
8,Aniela,Kucharska,aniela.kucharska@onet.pl,Gdynia,onet.pl
9,Juliusz,Ostrowski,juliusz.ostrowski@gmail.com,Gdańsk,gmail.com
10,Maksymilian,Ostrowski,maksymilian.ostrowski@gmail.com,Łódź,gmail.com
11,Czesław,Tomaszewski,czesław.tomaszewski@onet.pl,Wrocław,onet.pl
12,Przemysław,Wysocki,przemysław.wysocki@onet.pl,Szczecin,onet.pl
13,Olgierd,Szulc,olgierd.szulc@hotmail.com,Kraków,hotmail.com
14,Gabriel,Krupa,gabriel.krupa@gmail.com,Opole,gmail.com
15,Klaudiusz,Jakubowski,klaudiusz.jakubowski@gmail.com,Toruń,gmail.com
16,Kewin,Rutkowski,kewin.rutkowski@gmail.com,Warszawa,gmail.com
17,Jarosław,Kaźmierczak,jarosław.kaźmierczak@yahoo.com,Warszawa,yahoo.com
18,Piotr,Wasilewska,piotr.wasilewska@yahoo.com,Opole,yahoo.com
19,Klaudiusz,Sobczak,klaudiusz.sobczak@gmail.com,Gdańsk,gmail.com
20,Bartosz,Szulc,bartosz.szulc@gmail.com,Toruń,gmail.com
21,Miron,Szczepański,miron.szczepański@gmail.com,Wrocław,gmail.com
22,Eryk,Szewczyk,eryk.szewczyk@onet.pl,Wrocław,onet.pl
23,Eugeniusz,Włodarczyk,eugeniusz.włodarczyk@onet.pl,Łódź,onet.pl
24,Błażej,Sawicki,błażej.sawicki@onet.pl,Wrocław,onet.pl
25,Gabriel,Wasilewska,gabriel.wasilewska@hotmail.com,Częstochowa,hotmail.com
26,Miron,Lis,miron.lis@yahoo.com,Płock,yahoo.com
27,Mikołaj,Chmielewski,mikołaj.chmielewski@yahoo.com,Opole,yahoo.com
28,Martin,Błaszczyk,martin.błaszczyk@yahoo.com,Kalisz,yahoo.com
29,Maciej,Ostrowski,maciej.ostrowski@gmail.com,Łódź,gmail.com
30,Maciej,Przybylski,maciej.przybylski@gmail.com,Łódź,gmail.com
31,Florian,Błaszczyk,florian.błaszczyk@yahoo.com,Warszawa,yahoo.com
32,Korneliusz,Piotrowski,korneliusz.piotrowski@gmail.com,Wrocław,gmail.com
33,Kornel,Kamiński,kornel.kamiński@gmail.com,Płock,gmail.com
34,Jędrzej,Czarnecki,jędrzej.czarnecki@gmail.com,Poznań,gmail.com
35,Oskar,Laskowska,oskar.laskowska@gmail.com,Białystok,gmail.com
36,Robert,Rutkowski,robert.rutkowski@hotmail.com,Radom,hotmail.com
37,Henryk,Andrzejewski,henryk.andrzejewski@gmail.com,Płock,gmail.com
38,Dariusz,Brzeziński,dariusz.brzeziński@yahoo.com,Gdynia,yahoo.com
39,Fryderyk,Makowski,fryderyk.makowski@yahoo.com,Łódź,yahoo.com
40,Gabriel,Walczak,gabriel.walczak@yahoo.com,Łódź,yahoo.com
41,Józef,Kaczmarczyk,józef.kaczmarczyk@yahoo.com,Poznań,yahoo.com
42,Bogumiła,Kucharska,bogumiła.kucharska@gmail.com,Gdynia,gmail.com
43,Kornel,Szczepański,kornel.szczepański@hotmail.com,Warszawa,hotmail.com
44,Dominik,Wasilewska,dominik.wasilewska@gmail.com,Warszawa,gmail.com
45,Eugeniusz,Czerwiński,eugeniusz.czerwiński@gmail.com,Białystok,gmail.com
46,Anastazy,Baranowski,anastazy.baranowski@gmail.com,Kalisz,gmail.com
47,Cyprian,Sadowska,cyprian.sadowska@yahoo.com,Kraków,yahoo.com
48,Jędrzej,Stępień,jędrzej.stępień@yahoo.com,Łódź,yahoo.com
49,Klaudiusz,Krawczyk,klaudiusz.krawczyk@yahoo.com,Wrocław,yahoo.com
50,Borys,Stępień,borys.stępień@gmail.com,Warszawa,gmail.com
51,Dominik,Błaszczyk,dominik.błaszczyk@hotmail.com,Białystok,hotmail.com
52,Alexander,Mazurek,alexander.mazurek@hotmail.com,Gdynia,hotmail.com
53,Kacper,Baran,kacper.baran@hotmail.com,Poznań,hotmail.com
54,Adam,Zalewski,adam.zalewski@hotmail.com,Wrocław,hotmail.com
55,Natasza,Rutkowska,natasza.rutkowska@onet.pl,Poznań,onet.pl
56,Florentyna,Chmielewska,florentyna.chmielewska@onet.pl,Białystok,onet.pl
57,Aneta,Kubiak,aneta.kubiak@hotmail.com,Łódź,hotmail.com
58,Marcela,Dąbrowska,marcela.dąbrowska@wp.pl,Warszawa,wp.pl
59,Joanna,Czarnecka,joanna.czarnecka@gmail.com,Łódź,gmail.com
60,Arleta,Wysocka,arleta.wysocka@gmail.com,Łódź,gmail.com
61,Bogumiła,Wróblewska,bogumiła.wróblewska@gmail.com,Łódź,gmail.com
62,Anita,Urbańska,anita.urbańska@hotmail.com,Kraków,hotmail.com
63,Agata,Kalinowska,agata.kalinowska@onet.pl,Kraków,onet.pl
64,Urszula,Kucharska,urszula.kucharska@onet.pl,Gliwice,onet.pl
65,Roksana,Górecka,roksana.górecka@onet.pl,Elbląg,onet.pl
66,Adriana,Sikorska,adriana.sikorska@onet.pl,Katowice,onet.pl
67,Monika,Ostrowska,monika.ostrowska@yahoo.com,Gdańsk,yahoo.com
68,Anastazy,Kalinowski,anastazy.kalinowski@gmail.com,Gdańsk,gmail.com
69,Mariusz,Czarnecki,mariusz.czarnecki@yahoo.com,Katowice,yahoo.com
70,Filip,Sawicki,filip.sawicki@yahoo.com,Gdynia,yahoo.com
71,Marek,Baran,marek.baran@gmail.com,Kraków,gmail.com
72,Alexander,Sokołowski,alexander.sokołowski@wp.pl,Wrocław,wp.pl
73,Kamil,Lewandowski,kamil.lewandowski@wp.pl,Radom,wp.pl
74,Andrzej,Walczak,andrzej.walczak@wp.pl,Gdańsk,wp.pl
75,Ignacy,Nowak,ignacy.nowak@wp.pl,Wrocław,wp.pl
76,Dorian,Kowalski,dorian.kowalski@wp.pl,Gdańsk,wp.pl
77,Allan,Szulc,allan.szulc@hotmail.com,Toruń,hotmail.com
78,Gustaw,Makowski,gustaw.makowski@onet.pl,Częstochowa,onet.pl
79,Janusz,Szymański,janusz.szymański@onet.pl,Poznań,onet.pl
80,Anatol,Szewczyk,anatol.szewczyk@onet.pl,Gliwice,onet.pl
81,Bartosz,Michalak,bartosz.michalak@onet.pl,Warszawa,onet.pl
82,Emil,Wiśniewski,emil.wiśniewski@onet.pl,Warszawa,onet.pl
83,Kornel,Szczepański,kornel.szczepański@onet.pl,Warszawa,onet.pl
84,Bartosz,Jaworski,bartosz.jaworski@hotmail.com,Łódź,hotmail.com
85,Dominik,Błaszczyk,dominik.błaszczyk@wp.pl,Łódź,wp.pl
86,Rafał,Kaczmarczyk,rafał.kaczmarczyk@wp.pl,Łódź,wp.pl
87,Joachim,Sobczak,joachim.sobczak@wp.pl,Częstochowa,wp.pl
88,Maksymilian,Wysocki,maksymilian.wysocki@wp.pl,Gliwice,wp.pl
89,Mateusz,Borkowski,mateusz.borkowski@wp.pl,Elbląg,wp.pl
90,Lucyna,Lis,lucyna.lis@gmail.com,Katowice,gmail.com
91,Arleta,Borkowska,arleta.borkowska@gmail.com,Poznań,gmail.com
92,Roksana,Lewandowska,roksana.lewandowska@gmail.com,Kraków,gmail.com
93,Aniela,Sadowska,aniela.sadowska@gmail.com,Gdańsk,gmail.com
94,Iza,Tomaszewska,iza.tomaszewska@gmail.com,Gdańsk,gmail.com
95,Olimpia,Jaworska,olimpia.jaworska@gmail.com,Koszalin,gmail.com
96,Jolanta,Mazur,jolanta.mazur@gmail.com,Kalisz,gmail.com
97,Andrea,Andrzejewska,andrea.andrzejewska@gmail.com,Warszawa,gmail.com
98,Oksana,Mazur,oksana.mazur@gmail.com,Warszawa,gmail.com
99,Kamila,Przybylska,kamila.przybylska@gmail.com,Łódź,gmail.com
100,Kornel,Kowalczyk,kornel.kowalczyk@gmail.com,Warszawa,gmail.com
101,Ksawery,Rutkowski,ksawery.rutkowski@gmail.com,Kraków,gmail.com
102,Olgierd,Sikorska,olgierd.sikorska@yahoo.com,Koszalin,yahoo.com
103,Daniel,Włodarczyk,daniel.włodarczyk@yahoo.com,Włocławek,yahoo.com
104,Józef,Błaszczyk,józef.błaszczyk@yahoo.com,Warszawa,yahoo.com
105,Bartosz,Zalewski,bartosz.zalewski@gmail.com,Bydgoszcz,gmail.com
106,Lucyna,Tomaszewska,lucyna.tomaszewska@wp.pl,Katowice,wp.pl
107,Arleta,Ziółkowska,arleta.ziółkowska@wp.pl,Łódź,wp.pl
108,Roksana,Mróz,roksana.mróz@wp.pl,Warszawa,wp.pl
109,Aniela,Zielińska,aniela.zielińska@wp.pl,Łódź,wp.pl
110,Kornel,Sokołowski,kornel.sokołowski@gmail.com,Opole,gmail.com
111,Jędrzej,Sadowska,jędrzej.sadowska@wp.pl,Katowice,wp.pl
112,Oskar,Kamiński,oskar.kamiński@wp.pl,Kraków,wp.pl
113,Robert,Szulc,robert.szulc@gmail.com,Kraków,gmail.com
114,Henryk,Baranowski,henryk.baranowski@wp.pl,Łódź,wp.pl
115,Arleta,Sikorska,arleta.sikorska@onet.pl,Łódź,onet.pl
116,Roksana,Laskowska,roksana.laskowska@gmail.com,Łódź,gmail.com
117,Aniela,Michalak,aniela.michalak@gmail.com,Rzeszów,gmail.com
118,Faustyna,Mazurek,faustyna.mazurek@gmail.com,Poznań,gmail.com
119,Daniela,Jankowska,daniela.jankowska@gmail.com,Radom,gmail.com
120,Monika,Michalak,monika.michalak@gmail.com,Włocławek,gmail.com
121,Monika,Błaszczyk,monika.błaszczyk@gmail.com,Elbląg,gmail.com
122,Dorota,Lewandowska,dorota.lewandowska@yahoo.com,Gliwice,yahoo.com
123,Marcelina,Sadowska,marcelina.sadowska@gmail.com,Lublin,gmail.com
124,Malwina,Michalak,malwina.michalak@wp.pl,Bydgoszcz,wp.pl
125,Patryk,Stępień,patryk.stępień@wp.pl,Katowice,wp.pl
126,Grzegorz,Kwiatkowski,grzegorz.kwiatkowski@wp.pl,Elbląg,wp.pl
127,Grzegorz,Jaworski,grzegorz.jaworski@hotmail.com,Słupsk,hotmail.com
128,Lucjan,Gajewska,lucjan.gajewska@onet.pl,Zielona Góra,onet.pl
129,Joachim,Stępień,joachim.stępień@onet.pl,Łódź,onet.pl
130,Kamil,Borkowski,kamil.borkowski@onet.pl,Łódź,onet.pl
131,Kryspin,Mróz,kryspin.mróz@onet.pl,Kraków,onet.pl
132,Ignacy,Andrzejewski,ignacy.andrzejewski@gmail.com,Poznań,gmail.com
133,Przemysław,Tomaszewski,przemysław.tomaszewski@gmail.com,Poznań,gmail.com
134,Roksana,Kaźmierczak,roksana.kaźmierczak@gmail.com,Bydgoszcz,gmail.com
135,Adriana,Andrzejewska,adriana.andrzejewska@gmail.com,Kraków,gmail.com
136,Filip,Ziółkowska,filip.ziółkowska@gmail.com,Kraków,gmail.com
137,Antoni,Kucharski,antoni.kucharski@hotmail.com,Gdańsk,hotmail.com
138,Jędrzej,Makowski,jędrzej.makowski@gmail.com,Lublin,gmail.com
139,Oskar,Górecki,oskar.górecki@gmail.com,Warszawa,gmail.com
140,Robert,Kalinowski,robert.kalinowski@gmail.com,Warszawa,gmail.com
141,Henryk,Wojciechowski,henryk.wojciechowski@yahoo.com,Koszalin,yahoo.com
142,Arleta,Mróz,arleta.mróz@gmail.com,Zielona Góra,gmail.com
143,Dominik,Błaszczyk,dominik.błaszczyk@hotmail.com,Lublin,hotmail.com
144,Rafał,Jankowski,rafał.jankowski@hotmail.com,Kraków,hotmail.com
145,Joachim,Błaszczyk,joachim.błaszczyk@hotmail.com,Gdańsk,hotmail.com
146,Aneta,Laskowska,aneta.laskowska@onet.pl,Warszawa,onet.pl
147,Otylia,Zalewska,otylia.zalewska@onet.pl,Lublin,onet.pl
148,Ewelina,Makowska,ewelina.makowska@onet.pl,Kraków,onet.pl
149,Pamela,Wiśniewska,pamela.wiśniewska@onet.pl,Gdańsk,onet.pl
150,Weronika,Wojciechowska,weronika.wojciechowska@onet.pl,Kraków,onet.pl
151,Jędrzej,Kaczmarczyk,jędrzej.kaczmarczyk@gmail.com,Katowice,gmail.com
152,Paweł,Szczepański,paweł.szczepański@gmail.com,Elbląg,gmail.com
153,Juliusz,Lis,juliusz.lis@gmail.com,Słupsk,gmail.com
154,Andrzej,Wiśniewski,andrzej.wiśniewski@gmail.com,Zielona Góra,gmail.com
155,Fryderyk,Górecki,fryderyk.górecki@gmail.com,Łódź,gmail.com
156,Judyta,Kowalska,judyta.kowalska@gmail.com,Łódź,gmail.com
157,Stanisława,Stępień,stanisława.stępień@gmail.com,Kraków,gmail.com
158,Julia,Zakrzewska,julia.zakrzewska@gmail.com,Poznań,gmail.com
159,Marlena,Mazurek,marlena.mazurek@yahoo.com,Poznań,yahoo.com
160,Bogusława,Zalewska,bogusława.zalewska@yahoo.com,Bydgoszcz,yahoo.com
161,Andrea,Wojciechowska,andrea.wojciechowska@yahoo.com,Kraków,yahoo.com
162,Stanisława,Gajewska,stanisława.gajewska@gmail.com,Kraków,gmail.com
163,Olgierd,Chmielewski,olgierd.chmielewski@wp.pl,Gdańsk,wp.pl
164,Kamil,Malinowski,kamil.malinowski@wp.pl,Lublin,wp.pl
165,Jagoda,Baranowska,jagoda.baranowska@wp.pl,Warszawa,wp.pl
166,Arleta,Kozłowska,arleta.kozłowska@wp.pl,Warszawa,wp.pl
167,Weronika,Jaworska,weronika.jaworska@gmail.com,Koszalin,gmail.com
168,Kamil,Marciniak,kamil.marciniak@hotmail.com,Warszawa,hotmail.com
169,Borys,Kalinowski,borys.kalinowski@gmail.com,Warszawa,gmail.com
170,Jędrzej,Krupa,jędrzej.krupa@gmail.com,Koszalin,gmail.com
171,Ernest,Maciejewski,ernest.maciejewski@gmail.com,Zielona Góra,gmail.com
172,Emil,Kalinowski,emil.kalinowski@gmail.com,Lublin,gmail.com
173,Juliusz,Lewandowski,juliusz.lewandowski@gmail.com,Kraków,gmail.com
174,Kajetan,Bąk,kajetan.bąk@gmail.com,Gdańsk,gmail.com
175,Andrzej,Kowalski,andrzej.kowalski@gmail.com,Warszawa,gmail.com
176,Bartosz,Szymczak,bartosz.szymczak@yahoo.com,Lublin,yahoo.com
177,Klaudiusz,Krawczyk,klaudiusz.krawczyk@yahoo.com,Kraków,yahoo.com
178,Paulina,Sadowska,paulina.sadowska@yahoo.com,Gdańsk,yahoo.com
179,Zuza,Czerwińska,zuza.czerwińska@gmail.com,Kraków,gmail.com
180,Kaja,Mazurek,kaja.mazurek@wp.pl,Katowice,wp.pl
181,Żaneta,Borkowska,żaneta.borkowska@wp.pl,Elbląg,wp.pl
182,Teresa,Kucharska,teresa.kucharska@wp.pl,Słupsk,wp.pl
183,Diana,Jankowska,diana.jankowska@wp.pl,Zielona Góra,wp.pl
184,Bogusława,Baranowska,bogusława.baranowska@gmail.com,Łódź,gmail.com
185,Michał,Kubiak,michał.kubiak@gmail.com,Łódź,gmail.com
186,Mateusz,Szczepański,mateusz.szczepański@gmail.com,Kraków,gmail.com
187,Albert,Czerwiński,albert.czerwiński@gmail.com,Poznań,gmail.com
188,Dominik,Górski,dominik.górski@gmail.com,Kraków,gmail.com
189,Dawid,Czerwiński,dawid.czerwiński@gmail.com,Gdańsk,gmail.com
190,Julia,Sikora,julia.sikora@yahoo.com,Gdańsk,yahoo.com
191,Halina,Zawadzka,halina.zawadzka@yahoo.com,Koszalin,yahoo.com
192,Czesława,Marciniak,czesława.marciniak@yahoo.com,Kalisz,yahoo.com
193,Janusz,Kowalczyk,janusz.kowalczyk@gmail.com,Warszawa,gmail.com
194,Jan,Czarnecki,jan.czarnecki@wp.pl,Warszawa,wp.pl
195,Natalia,Marciniak,natalia.marciniak@wp.pl,Łódź,wp.pl
196,Marysia,Szewczyk,marysia.szewczyk@wp.pl,Warszawa,wp.pl
197,Malwina,Przybylska,malwina.przybylska@wp.pl,Kraków,wp.pl
198,Paulina,Gajewska,paulina.gajewska@gmail.com,Koszalin,gmail.com
199,Franciszka,Szymańska,franciszka.szymańska@yahoo.com,Włocławek,yahoo.com
200,Dagmara,Pawlak,dagmara.pawlak@yahoo.com,Warszawa,yahoo.com
201,Roman,Lewandowski,roman.lewandowski@yahoo.com,Bydgoszcz,yahoo.com
202,Bronisław,Górecki,bronisław.górecki@gmail.com,Katowice,gmail.com
203,Daniel,Maciejewski,daniel.maciejewski@wp.pl,Łódź,wp.pl
204,Błażej,Jasiński,błażej.jasiński@wp.pl,Warszawa,wp.pl
205,Kazimierz,Kubiak,kazimierz.kubiak@wp.pl,Łódź,wp.pl
206,Irena,Maciejewska,irena.maciejewska@wp.pl,Opole,wp.pl
207,Malwina,Kaźmierczak,malwina.kaźmierczak@gmail.com,Katowice,gmail.com
208,Edyta,Chmielewska,edyta.chmielewska@gmail.com,Kraków,gmail.com
209,Amelia,Kaczmarczyk,amelia.kaczmarczyk@gmail.com,Kraków,gmail.com
210,Maria,Sikora,maria.sikora@gmail.com,Łódź,gmail.com
211,Beata,Jasińska,beata.jasińska@gmail.com,Elbląg,gmail.com
212,Amadeusz,Wiśniewski,amadeusz.wiśniewski@gmail.com,Katowice,gmail.com
213,Gabriel,Kucharski,gabriel.kucharski@gmail.com,Gdańsk,gmail.com
214,Kamil,Jaworski,kamil.jaworski@gmail.com,Gdańsk,gmail.com
215,Adam,Kubiak,adam.kubiak@gmail.com,Katowice,gmail.com
216,Gabriel,Andrzejewski,gabriel.andrzejewski@yahoo.com,Gdynia,yahoo.com
217,Igor,Mróz,igor.mróz@yahoo.com,Kraków,yahoo.com
218,Gustaw,Przybylski,gustaw.przybylski@yahoo.com,Wrocław,yahoo.com
219,Gracjan,Kowalczyk,gracjan.kowalczyk@gmail.com,Radom,gmail.com
220,Kamila,Wojciechowska,kamila.wojciechowska@wp.pl,Gdańsk,wp.pl
221,Agnieszka,Szewczyk,agnieszka.szewczyk@wp.pl,Wrocław,wp.pl
222,Dominika,Piotrowska,dominika.piotrowska@wp.pl,Gdańsk,wp.pl
223,Dorota,Kamińska,dorota.kamińska@wp.pl,Toruń,wp.pl
224,Mariusz,Szewczyk,mariusz.szewczyk@gmail.com,Częstochowa,gmail.com
225,Adam,Dąbrowski,adam.dąbrowski@yahoo.com,Poznań,yahoo.com
226,Bolesław,Borkowski,bolesław.borkowski@wp.pl,Gliwice,wp.pl
227,Jakub,Wojciechowski,jakub.wojciechowski@wp.pl,Warszawa,wp.pl
228,Radosław,Kowalczyk,radosław.kowalczyk@wp.pl,Warszawa,wp.pl
229,Krystian,Czarnecki,krystian.czarnecki@wp.pl,Warszawa,wp.pl
230,Fabian,Szulc,fabian.szulc@gmail.com,Łódź,gmail.com
231,Katarzyna,Zawadzka,katarzyna.zawadzka@gmail.com,Łódź,gmail.com
232,Ada,Sikora,ada.sikora@gmail.com,Łódź,gmail.com
233,Julianna,Baran,julianna.baran@gmail.com,Częstochowa,gmail.com
234,Róża,Lewandowska,róża.lewandowska@gmail.com,Warszawa,gmail.com
235,Julia,Sawicka,julia.sawicka@gmail.com,Łódź,gmail.com
236,Gabriela,Dąbrowska,gabriela.dąbrowska@gmail.com,Opole,gmail.com
237,Oskar,Sawicki,oskar.sawicki@gmail.com,Katowice,gmail.com
238,Jarosław,Szulc,jarosław.szulc@gmail.com,Kraków,gmail.com
239,Bolesław,Stępień,bolesław.stępień@yahoo.com,Kraków,yahoo.com
240,Borys,Górecki,borys.górecki@yahoo.com,Łódź,yahoo.com
241,Alek,Kowalczyk,alek.kowalczyk@yahoo.com,Elbląg,yahoo.com
242,Remigiusz,Szulc,remigiusz.szulc@wp.pl,Katowice,wp.pl
243,Katarzyna,Andrzejewska,katarzyna.andrzejewska@gmail.com,Gdańsk,gmail.com
244,Ada,Jaworska,ada.jaworska@gmail.com,Gdańsk,gmail.com
245,Julianna,Lewandowska,julianna.lewandowska@gmail.com,Kraków,gmail.com
246,Róża,Sadowska,róża.sadowska@gmail.com,Wrocław,gmail.com
247,Przemysław,Sawicki,przemysław.sawicki@gmail.com,Radom,gmail.com
248,Mieszko,Jankowski,mieszko.jankowski@gmail.com,Gdańsk,gmail.com
249,Marta,Stępień,marta.stępień@gmail.com,Wrocław,gmail.com
250,Monika,Witkowska,monika.witkowska@gmail.com,Gdańsk,gmail.com
251,Wiktoria,Malinowska,wiktoria.malinowska@gmail.com,Toruń,gmail.com
252,Halina,Krajewska,halina.krajewska@yahoo.com,Częstochowa,yahoo.com
253,Marta,Makowska,marta.makowska@gmail.com,Poznań,gmail.com
254,Monika,Kozłowska,monika.kozłowska@wp.pl,Gliwice,wp.pl
255,Hubert,Przybylski,hubert.przybylski@wp.pl,Warszawa,wp.pl
256,Cezary,Mróz,cezary.mróz@wp.pl,Warszawa,wp.pl
257,Jolanta,Błaszczyk,jolanta.błaszczyk@wp.pl,Warszawa,wp.pl
258,Nikola,Kaźmierczak,nikola.kaźmierczak@gmail.com,Łódź,gmail.com
259,Ilona,Jaworska,ilona.jaworska@hotmail.com,Łódź,hotmail.com
260,Milena,Urbańska,milena.urbańska@gmail.com,Łódź,gmail.com
261,Daria,Nowak,daria.nowak@gmail.com,Częstochowa,gmail.com
262,Izabela,Sokołowska,izabela.sokołowska@gmail.com,Warszawa,gmail.com
263,Zuza,Dąbrowska,zuza.dąbrowska@gmail.com,Łódź,gmail.com
264,Kaja,Lewandowska,kaja.lewandowska@gmail.com,Łódź,gmail.com
265,Katarzyna,Nowak,katarzyna.nowak@gmail.com,Łódź,gmail.com
266,Albert,Pawlak,albert.pawlak@gmail.com,Kraków,gmail.com
267,Janusz,Chmielewski,janusz.chmielewski@yahoo.com,Poznań,yahoo.com
268,Ryszard,Lewandowski,ryszard.lewandowski@yahoo.com,Poznań,yahoo.com
269,Klaudiusz,Szymański,klaudiusz.szymański@yahoo.com,Bydgoszcz,yahoo.com
270,Marian,Duda,marian.duda@gmail.com,Kraków,gmail.com
271,Ludwik,Malinowski,ludwik.malinowski@wp.pl,Kraków,wp.pl
272,Marek,Tomaszewski,marek.tomaszewski@wp.pl,Gdańsk,wp.pl
273,Fabian,Mazurek,fabian.mazurek@wp.pl,Lublin,wp.pl
274,Judyta,Górska,judyta.górska@wp.pl,Warszawa,wp.pl
275,Zofia,Sokołowska,zofia.sokołowska@gmail.com,Warszawa,gmail.com
276,Paulina,Marciniak,paulina.marciniak@gmail.com,Koszalin,gmail.com
277,Róża,Krawczyk,róża.krawczyk@wp.pl,Zielona Góra,wp.pl
278,Ada,Mazurek,ada.mazurek@wp.pl,Lublin,wp.pl
279,Magda,Stępień,magda.stępień@wp.pl,Kraków,wp.pl
280,Józef,Wysocki,józef.wysocki@wp.pl,Gdańsk,wp.pl
281,Krzysztof,Wójcik,krzysztof.wójcik@gmail.com,Warszawa,gmail.com
282,Kordian,Wójcik,kordian.wójcik@hotmail.com,Lublin,hotmail.com
283,Oliwia,Marciniak,oliwia.marciniak@gmail.com,Kraków,gmail.com
284,Kinga,Głowacka,kinga.głowacka@gmail.com,Gdańsk,gmail.com
285,Maciej,Kozłowski,maciej.kozłowski@gmail.com,Kraków,gmail.com
286,Przemysław,Kowalski,przemysław.kowalski@gmail.com,Katowice,gmail.com
287,Remigiusz,Bąk,remigiusz.bąk@gmail.com,Toruń,gmail.com
288,Kajetan,Górski,kajetan.górski@gmail.com,Częstochowa,gmail.com
289,Dawid,Pawlak,dawid.pawlak@gmail.com,Poznań,gmail.com
290,Łukasz,Kaczmarczyk,łukasz.kaczmarczyk@yahoo.com,Gliwice,yahoo.com
291,Ireneusz,Kwiatkowski,ireneusz.kwiatkowski@yahoo.com,Warszawa,yahoo.com
292,Ksawery,Sobczak,ksawery.sobczak@yahoo.com,Warszawa,yahoo.com
293,Kuba,Zawadzki,kuba.zawadzki@gmail.com,Warszawa,gmail.com
294,Błażej,Szulc,błażej.szulc@wp.pl,Łódź,wp.pl
295,Jakub,Baranowski,jakub.baranowski@wp.pl,Łódź,wp.pl
296,Katarzyna,Malinowska,katarzyna.malinowska@wp.pl,Łódź,wp.pl
297,Paulina,Wiśniewska,paulina.wiśniewska@wp.pl,Częstochowa,wp.pl
298,Oliwia,Szewczyk,oliwia.szewczyk@gmail.com,Gliwice,gmail.com
299,Malwina,Makowska,malwina.makowska@gmail.com,Elbląg,gmail.com
300,Antonina,Kalinowska,antonina.kalinowska@wp.pl,Katowice,wp.pl
301,Monika,Wasilewska,monika.wasilewska@wp.pl,Poznań,wp.pl
302,Andżelika,Nowak,andżelika.nowak@wp.pl,Kraków,wp.pl
303,Amanda,Przybylska,amanda.przybylska@wp.pl,Gdańsk,wp.pl
304,Kaja,Cieślak,kaja.cieślak@gmail.com,Gdańsk,gmail.com
305,Eliza,Kołodziej,eliza.kołodziej@hotmail.com,Koszalin,hotmail.com
306,Lila,Malinowska,lila.malinowska@gmail.com,Kalisz,gmail.com
307,Elena,Dąbrowska,elena.dąbrowska@gmail.com,Warszawa,gmail.com
308,Alex,Baranowski,alex.baranowski@gmail.com,Warszawa,gmail.com
309,Andrzej,Jasiński,andrzej.jasiński@gmail.com,Łódź,gmail.com
310,Krystian,Pawlak,krystian.pawlak@gmail.com,Warszawa,gmail.com
311,Mariusz,Górski,mariusz.górski@gmail.com,Gdańsk,gmail.com
312,Alex,Jakubowski,alex.jakubowski@gmail.com,Lublin,gmail.com
313,Przemysław,Górski,przemysław.górski@yahoo.com,Warszawa,yahoo.com
314,Klaudiusz,Sikora,klaudiusz.sikora@yahoo.com,Warszawa,yahoo.com
315,Maciej,Borkowski,maciej.borkowski@yahoo.com,Koszalin,yahoo.com
316,Ola,Ostrowska,ola.ostrowska@gmail.com,Zielona Góra,gmail.com
317,Martyna,Mazurek,martyna.mazurek@wp.pl,Lublin,wp.pl
318,Magda,Tomaszewska,magda.tomaszewska@wp.pl,Kraków,wp.pl
319,Eliza,Tomaszewska,eliza.tomaszewska@wp.pl,Gdańsk,wp.pl
320,Róża,Piotrowska,róża.piotrowska@wp.pl,Warszawa,wp.pl
321,Daniela,Krupa,daniela.krupa@gmail.com,Lublin,gmail.com
322,Ola,Górska,ola.górska@gmail.com,Częstochowa,gmail.com
323,Żaneta,Kamińska,żaneta.kamińska@gmail.com,Gliwice,gmail.com
324,Joanna,Brzezińska,joanna.brzezińska@gmail.com,Elbląg,gmail.com
325,Marysia,Stępień,marysia.stępień@gmail.com,Katowice,gmail.com
326,Wioletta,Wasilewska,wioletta.wasilewska@gmail.com,Poznań,gmail.com
327,Anna,Nowak,anna.nowak@yahoo.com,Kraków,yahoo.com
328,Jola,Przybylska,jola.przybylska@yahoo.com,Gdańsk,yahoo.com
329,Przemysław,Kucharski,przemysław.kucharski@yahoo.com,Gdańsk,yahoo.com
330,Cezary,Cieślak,cezary.cieślak@gmail.com,Koszalin,gmail.com
331,Leszek,Borkowski,leszek.borkowski@wp.pl,Kalisz,wp.pl
332,Roman,Woźniak,roman.woźniak@wp.pl,Warszawa,wp.pl
333,Janusz,Zalewski,janusz.zalewski@wp.pl,Warszawa,wp.pl
334,Aleksander,Wojciechowski,aleksander.wojciechowski@wp.pl,Gdańsk,wp.pl
335,Igor,Wiśniewski,igor.wiśniewski@gmail.com,Koszalin,gmail.com
336,Kewin,Baran,kewin.baran@gmail.com,Kalisz,gmail.com
337,Eryk,Malinowski,eryk.malinowski@wp.pl,Warszawa,wp.pl
338,Maksymilian,Krupa,maksymilian.krupa@wp.pl,Warszawa,wp.pl
339,Adrian,Jaworski,adrian.jaworski@wp.pl,Łódź,wp.pl
340,Dorota,Sikorska,dorota.sikorska@wp.pl,Warszawa,wp.pl
341,Justyna,Zielińska,justyna.zielińska@wp.pl,Gdańsk,wp.pl
342,Róża,Borkowska,róża.borkowska@wp.pl,Lublin,wp.pl
343,Alan,Krawczyk,alan.krawczyk@wp.pl,Warszawa,wp.pl
344,Jakub,Czerwiński,jakub.czerwiński@gmail.com,Warszawa,gmail.com
345,Robert,Zieliński,robert.zieliński@gmail.com,Koszalin,gmail.com
346,Kuba,Sikora,kuba.sikora@gmail.com,Zielona Góra,gmail.com
347,Korneliusz,Nowak,korneliusz.nowak@gmail.com,Lublin,gmail.com
348,Fabian,Witkowski,fabian.witkowski@gmail.com,Kraków,gmail.com
349,Blanka,Jasińska,blanka.jasińska@gmail.com,Gdańsk,gmail.com
350,Agata,Ostrowska,agata.ostrowska@yahoo.com,Warszawa,yahoo.com
351,Judyta,Sobczak,judyta.sobczak@yahoo.com,Elbląg,yahoo.com
352,Oksana,Sadowska,oksana.sadowska@yahoo.com,Katowice,yahoo.com
353,Adriana,Wasilewska,adriana.wasilewska@gmail.com,Gdańsk,gmail.com
354,Marcel,Tomaszewski,marcel.tomaszewski@wp.pl,Gdańsk,wp.pl
355,Hubert,Kucharski,hubert.kucharski@wp.pl,Katowice,wp.pl
356,Cyprian,Wróblewski,cyprian.wróblewski@wp.pl,Gdynia,wp.pl
357,Maurycy,Krupa,maurycy.krupa@wp.pl,Kraków,wp.pl
358,Krystian,Brzeziński,krystian.brzeziński@gmail.com,Wrocław,gmail.com
359,Kajetan,Zalewski,kajetan.zalewski@gmail.com,Radom,gmail.com
360,Alexander,Sokołowski,alexander.sokołowski@wp.pl,Gdańsk,wp.pl
361,Robert,Błaszczyk,robert.błaszczyk@wp.pl,Wrocław,wp.pl
362,Bronisław,Kwiatkowski,bronisław.kwiatkowski@wp.pl,Gdańsk,wp.pl
363,Jarosław,Piotrowski,jarosław.piotrowski@wp.pl,Toruń,wp.pl
364,Aleks,Krupa,aleks.krupa@wp.pl,Częstochowa,wp.pl
365,Antoni,Wiśniewski,antoni.wiśniewski@gmail.com,Poznań,gmail.com
366,Monika,Zalewska,monika.zalewska@gmail.com,Gliwice,gmail.com
367,Julia,Cieślak,julia.cieślak@gmail.com,Warszawa,gmail.com
368,Julia,Ostrowska,julia.ostrowska@gmail.com,Warszawa,gmail.com
369,Marysia,Górska,marysia.górska@gmail.com,Warszawa,gmail.com
370,Stanisława,Dąbrowska,stanisława.dąbrowska@gmail.com,Łódź,gmail.com
371,Monika,Błaszczyk,monika.błaszczyk@yahoo.com,Łódź,yahoo.com
372,Lidia,Szczepańska,lidia.szczepańska@yahoo.com,Warszawa,yahoo.com
373,Jola,Michalak,jola.michalak@yahoo.com,Warszawa,yahoo.com
374,Aniela,Baran,aniela.baran@gmail.com,Warszawa,gmail.com
375,Iza,Lewandowska,iza.lewandowska@wp.pl,Łódź,wp.pl
376,Teresa,Górska,teresa.górska@wp.pl,Łódź,wp.pl
377,Izabela,Sawicka,izabela.sawicka@wp.pl,Łódź,wp.pl
378,Urszula,Brzezińska,urszula.brzezińska@wp.pl,Częstochowa,wp.pl
379,Zofia,Krajewska,zofia.krajewska@gmail.com,Warszawa,gmail.com
380,Cezary,Ostrowski,cezary.ostrowski@gmail.com,Łódź,gmail.com
381,Marian,Pietrzak,marian.pietrzak@wp.pl,Łódź,wp.pl
382,Kazimierz,Pietrzak,kazimierz.pietrzak@wp.pl,Łódź,wp.pl
383,Oskar,Stępień,oskar.stępień@wp.pl,Kraków,wp.pl
384,Dominik,Makowski,dominik.makowski@wp.pl,Poznań,wp.pl
385,Przemysław,Jakubowski,przemysław.jakubowski@wp.pl,Poznań,wp.pl
386,Jacek,Szymański,jacek.szymański@gmail.com,Łódź,gmail.com
387,Franciszek,Ziółkowska,franciszek.ziółkowska@gmail.com,Częstochowa,gmail.com
388,Błażej,Szczepański,błażej.szczepański@gmail.com,Warszawa,gmail.com
389,Bogumił,Cieślak,bogumił.cieślak@gmail.com,Łódź,gmail.com
390,Henryk,Wróblewski,henryk.wróblewski@gmail.com,Łódź,gmail.com
391,Julianna,Walczak,julianna.walczak@gmail.com,Koszalin,gmail.com
392,Joanna,Tomaszewska,joanna.tomaszewska@yahoo.com,Kalisz,yahoo.com
393,Julita,Andrzejewska,julita.andrzejewska@yahoo.com,Warszawa,yahoo.com
394,Arleta,Kucharska,arleta.kucharska@yahoo.com,Warszawa,yahoo.com
395,Izyda,Jakubowska,izyda.jakubowska@gmail.com,Łódź,gmail.com
396,Krystian,Lis,krystian.lis@wp.pl,Warszawa,wp.pl
397,Mateusz,Woźniak,mateusz.woźniak@wp.pl,Gdańsk,wp.pl
398,Damian,Sawicki,damian.sawicki@wp.pl,Lublin,wp.pl
399,Bartosz,Borkowski,bartosz.borkowski@wp.pl,Warszawa,wp.pl
400,Liliana,Tomaszewska,liliana.tomaszewska@gmail.com,Warszawa,gmail.com